<?xml version="1.0" encoding="utf-8"?>
<!DOCTYPE hibernate-mapping PUBLIC "-//Hibernate/Hibernate Mapping DTD 3.0//EN"
"http://hibernate.sourceforge.net/hibernate-mapping-3.0.dtd">
<!-- 
    Mapping file autogenerated by MyEclipse - Hibernate Tools
-->
<hibernate-mapping>
    <class name="feelsafeHibernatePackage.Otherfees" table="otherfees" catalog="feelsafe">
        <id name="id" type="java.lang.Integer">
            <column name="id" />
            <generator class="assigned" />
        </id>
        <many-to-one name="employees" class="feelsafeHibernatePackage.Employees" fetch="select">
            <column name="adminuserid" length="20" />
        </many-to-one>
        <property name="equipmentname" type="java.lang.String">
            <column name="equipmentname" length="20" />
        </property>
        <property name="fees" type="java.lang.Float">
            <column name="fees" precision="8" />
        </property>
    </class>
</hibernate-mapping>
