<?xml version="1.0" encoding="utf-8"?>
<!DOCTYPE hibernate-mapping PUBLIC "-//Hibernate/Hibernate Mapping DTD 3.0//EN"
"http://hibernate.sourceforge.net/hibernate-mapping-3.0.dtd">
<!-- 
    Mapping file autogenerated by MyEclipse - Hibernate Tools
-->
<hibernate-mapping>
    <class name="feelsafeHibernatePackage.Patient" table="patient" catalog="feelsafe">
        <id name="patientuserid" type="java.lang.String">
            <column name="patientuserid" length="20" />
            <generator class="assigned" />
        </id>
        <many-to-one name="employeesByEmployeeuserid" class="feelsafeHibernatePackage.Employees" fetch="select">
            <column name="employeeuserid" length="20" />
        </many-to-one>
        <many-to-one name="employeesByDoctorconsultedid" class="feelsafeHibernatePackage.Employees" fetch="select">
            <column name="doctorconsultedid" length="20" />
        </many-to-one>
        <property name="password" type="java.lang.String">
            <column name="password" length="20" />
        </property>
        <property name="name" type="java.lang.String">
            <column name="name" length="20" />
        </property>
        <property name="age" type="java.lang.Integer">
            <column name="age" />
        </property>
        <property name="sex" type="java.lang.Integer">
            <column name="sex" />
        </property>
        <property name="bloodgroup" type="java.lang.String">
            <column name="bloodgroup" length="20" />
        </property>
        <property name="testundergone" type="java.lang.Integer">
            <column name="testundergone" />
        </property>
        <property name="ecg" type="java.lang.Integer">
            <column name="ecg" />
        </property>
        <property name="bloodtest" type="java.lang.Integer">
            <column name="bloodtest" />
        </property>
        <property name="xray" type="java.lang.Integer">
            <column name="xray" />
        </property>
        <property name="scan" type="java.lang.Integer">
            <column name="scan" />
        </property>
        <property name="address" type="java.lang.String">
            <column name="address" length="128" />
        </property>
        <property name="mobilenumber" type="java.lang.String">
            <column name="mobilenumber" length="20" />
        </property>
        <property name="healthproblem" type="java.lang.String">
            <column name="healthproblem" length="64" />
        </property>
        <property name="dietspecified" type="java.lang.String">
            <column name="dietspecified" length="64" />
        </property>
        <property name="prescribedmedicines" type="java.lang.String">
            <column name="prescribedmedicines" length="64" />
        </property>
        <set name="roomses" inverse="true">
            <key>
                <column name="patientuserid" length="20" />
            </key>
            <one-to-many class="feelsafeHibernatePackage.Rooms" />
        </set>
    </class>
</hibernate-mapping>
