<?xml version="1.0" encoding="utf-8"?>
<!DOCTYPE hibernate-mapping PUBLIC "-//Hibernate/Hibernate Mapping DTD 3.0//EN"
"http://hibernate.sourceforge.net/hibernate-mapping-3.0.dtd">
<!-- 
    Mapping file autogenerated by MyEclipse - Hibernate Tools
-->
<hibernate-mapping>
    <class name="feelsafeHibernatePackage.Rooms" table="rooms" catalog="feelsafe">
        <id name="roomid" type="java.lang.String">
            <column name="roomid" length="20" />
            <generator class="assigned" />
        </id>
        <many-to-one name="employees" class="feelsafeHibernatePackage.Employees" fetch="select">
            <column name="employeeuserid" length="20" />
        </many-to-one>
        <many-to-one name="patient" class="feelsafeHibernatePackage.Patient" fetch="select">
            <column name="patientuserid" length="20" />
        </many-to-one>
        <property name="roomtype" type="java.lang.Integer">
            <column name="roomtype" />
        </property>
    </class>
</hibernate-mapping>
